<?xml version="1.0" encoding="UTF-8"?>
<project-private xmlns="http://www.netbeans.org/ns/project-private/1">
    <editor-bookmarks xmlns="http://www.netbeans.org/ns/editor-bookmarks/1"/>
    <open-files xmlns="http://www.netbeans.org/ns/projectui-open-files/1">
        <file>file:/E:/shamim/SMSLib/Another-smslib/smslib-v3.5.1/src/java/org/smslib/smsserver/interfaces/ParallelDatabase.java</file>
        <file>file:/E:/shamim/SMSLib/Another-smslib/smslib-v3.5.1/src/java/org/smslib/smsserver/interfaces/Http.java</file>
        <file>file:/E:/shamim/SMSLib/Another-smslib/smslib-v3.5.1/src/java/org/smslib/smsserver/interfaces/TokenizerTest.java</file>
        <file>file:/E:/shamim/SMSLib/Another-smslib/smslib-v3.5.1/src/java/org/smslib/smsserver/SMSServer.java</file>
    </open-files>
</project-private>
